Company,Website,Email,Country,Niche,LinkedIn URL,Observation
Glossier,https://glossier.com,brand@glossier.com,,beauty,,"Customer reviews, ratings, testimonials, or client mentions are visible on the site."
Rare Beauty by Selena Gomez | Vegan & Cruelty Free Makeup,https://rarebeauty.com,hello@rarebeauty.com,,beauty,,"Customer reviews, ratings, testimonials, or client mentions are visible on the site."
"Huda Beauty Official Store | Makeup, Skincare, & Fragrance Must-Haves",https://hudabeauty.com,shop@hudabeauty.com,,beauty,,"Customer reviews, ratings, testimonials, or client mentions are visible on the site."
"Too Faced: Makeup, Cosmetics & Beauty Products Online | Too Faced Cosmetics",https://toofaced.com,elconline@estee.com,,beauty,,"Customer reviews, ratings, testimonials, or client mentions are visible on the site."
High-Performance Makeup & Beauty Products | Tarte™,https://tartecosmetics.com,richard@tarte.com,,beauty,,"Customer reviews, ratings, testimonials, or client mentions are visible on the site."
Glow Recipe | Clinically Effective. Fruit-Powered. Glowing Skin,https://glowrecipe.com,careers@glowrecipe.com,,beauty,,"Customer reviews, ratings, testimonials, or client mentions are visible on the site."
Drunk Elephant | Biocompatible Skincare,https://drunkelephant.com,customerservice@drunkelephant.com,,beauty,,"Customer reviews, ratings, testimonials, or client mentions are visible on the site."
Bobbibrowncosmetics,https://bobbibrowncosmetics.com,elconline@estee.com,,beauty,,
"Booksy - hair stylists, barbers, beauticians... book appointments online!",https://booksy.com,help.us@booksy.com,,beauty,,"Customer reviews, ratings, testimonials, or client mentions are visible on the site."
Premium Salon & Aesthetic Clinic Software | Phorest,https://phorest.com,enquiriesuae@phorest.com,,beauty,https://www.linkedin.com/company/phorest?trk=company_name,"Customer reviews, ratings, testimonials, or client mentions are visible on the site."
